{"cameraMode":{"drawMode":0,"name":"Shaded","section":"Shading Mode"},"sceneLighting":true,"audioPlay":false,"sceneViewState":{"m_AlwaysRefresh":false,"showFog":true,"showSkybox":true,"showFlares":true,"showImageEffects":true,"showParticleSystems":true,"showVisualEffectGraphs":true,"m_FxEnabled":true},"in2DMode":false,"pivot":{"x":47.85869216918945,"y":98.81808471679688,"z":-203.49282836914063},"rotation":{"x":0.3157801330089569,"y":-0.0010664024157449604,"z":0.0005698833265341818,"w":0.9487344026565552},"size":5.752583026885986,"orthographic":false}