{"cameraMode":{"drawMode":0,"name":"Shaded","section":"Shading Mode"},"sceneLighting":true,"audioPlay":false,"sceneViewState":{"m_AlwaysRefresh":false,"showFog":true,"showSkybox":true,"showFlares":true,"showImageEffects":true,"showParticleSystems":true,"showVisualEffectGraphs":true,"m_FxEnabled":true},"in2DMode":false,"pivot":{"x":-18.420854568481447,"y":2.644470691680908,"z":-28.634235382080079},"rotation":{"x":0.07544921338558197,"y":-0.7700850367546082,"z":0.09331992268562317,"w":0.6263517737388611},"size":5.7010884284973148,"orthographic":false}